frame_nbr,ball_pos_X,ball_pos_Y
1.0,1245.354952561088,832.216060659234
2.0,1254.907968912927,826.4567503120168
3.0,1263.1939589101507,821.028856135808
4.0,1271.835428213342,815.4622834771031
5.0,1281.7776707533678,809.9638250581232
6.0,1281.776988830813,809.9637452381977
7.0,1291.4182741495392,804.7737219889726
8.0,1299.0623519233338,800.315786373787
9.0,1305.2919729435212,796.1374365095528
10.0,1313.3552249574782,792.0147460033143
11.0,1322.7072692031072,787.5850468524978
12.0,1322.7072504221503,787.5849539896842
13.0,1331.1485919781285,783.1350467385912
14.0,1336.8594943317828,780.2883079759359
15.0,1342.9960996450898,777.0465461851438
16.0,1349.5470908650082,773.4393316866947
17.0,1357.97560242613,770.5183295157717
18.0,1357.9758067345615,770.5182273434527
19.0,1364.2975208900805,767.223712850478
20.0,1370.225302336078,764.9565140266232
21.0,1375.909925551225,762.3135748153551
22.0,1381.795697026564,760.0316448122444
23.0,1385.895269423538,758.4680929615529
24.0,1385.8949992848304,758.4681475658169
25.0,1390.5905622626328,756.3880225661431
26.0,1396.7804612617172,753.9419641653606
27.0,1402.2686957515282,751.9235528987841
28.0,1404.9564416767903,750.3208554598839
29.0,1408.4921171033195,748.1829651981953
30.0,1408.491679437131,748.1831066695916
31.0,1411.5723328182055,746.2470104481513
32.0,1424.3603798890613,741.4880859131022
33.0,1429.6102031746027,739.2958977182724
34.0,1433.3903481319946,737.4468645902869
35.0,1439.2220340359663,735.708046878235
36.0,1439.168102918181,735.7353554564564
37.0,1442.4231211546876,733.8826837812622
38.0,1447.9538796505044,731.3877333904621
39.0,1452.781195586882,729.5395041268829
40.0,1456.6407933768592,728.3436717153763
41.0,1460.654686263469,726.0121358452087
42.0,1460.6437009234255,726.0016649817782
43.0,1465.2937232564914,724.4958093086271
44.0,1470.5304426749233,720.9068950838881
45.0,1473.2217059656807,719.3759253423061
46.0,1478.3199377750718,717.8536315601135
47.0,1482.2563682408572,715.6613232809896
48.0,1482.22757257974,715.6635747147672
49.0,1486.1203852929132,713.6116020210742
50.0,1488.4162025962787,712.5378824832483
51.0,1571.460129308571,540.8583127365009
52.0,695.6208230209327,492.7019435152032
53.0,695.6580447617373,492.67121371123005
54.0,695.6952665025419,492.6404839072569
55.0,695.7324882433464,492.6097541032837
56.0,695.7697099841511,492.57902429931056
57.0,1567.2888781249612,538.9691773864254
58.0,697.8564472409178,493.4670092558683
59.0,697.0230605208335,494.1857862260264
60.0,696.1896738007492,494.90456319618454
61.0,695.3562870806649,495.62334016634264
62.0,694.5229003605806,496.3421171365008
63.0,693.6895136404963,497.0608941066589
64.0,802.8597065525756,502.17929209648577
65.0,912.0298994646549,507.2976900863126
66.0,1021.2000923767341,512.4160880761395
67.0,1130.3702852888134,517.5344860659663
68.0,1239.5404782008927,522.6528840557933
69.0,1348.710671112972,527.7712820456202
70.0,1457.8808640250513,532.889680035447
71.0,1567.0510569371306,538.0080780252739
72.0,1567.0516600603253,538.0044680449703
73.0,1568.8656098198292,536.5914002891316
74.0,1564.079361210888,536.1317647651551
75.0,1563.5972445717216,536.6630821024405
76.0,1563.115127932555,537.194399439726
77.0,1563.0766813315706,537.6516030808799
78.0,1563.0725513951654,537.6524655225608
79.0,1562.836718925408,537.7875731193045
80.0,1554.3710402287202,565.9921645200163
81.0,1545.9053615320322,594.1967559207282
82.0,1537.4396828353445,622.40134732144
83.0,1528.9740041386567,650.6059387221517
84.0,1520.5083254419687,678.8105301228635
85.0,1512.042646745281,707.0151215235753
86.0,1512.4095483886422,706.7946811742934
87.0,1512.214933682052,706.8981402171787
88.0,1511.698964989673,707.367172367331
89.0,1507.9571108986133,712.8601382536574
90.0,1504.2152568075535,718.3531041399839
91.0,1500.4734027164939,723.8460700263104
92.0,1496.7315486254342,729.3390359126367
93.0,1491.515648672112,739.2690771972386
94.0,1487.3091829715113,748.1345978170174
95.0,1480.1760168301066,758.195844283438
96.0,1480.1763053713605,758.1958252073513
97.0,1475.615152823356,766.4606780967831
98.0,1470.8988668084842,775.1432717300977
99.0,1465.538792350569,783.3959488784137
100.0,1461.026218935957,791.1466641939473
101.0,1456.7394848032593,798.7187293446639
102.0,1456.7408307677993,798.718372591963
103.0,1452.708661932964,805.0018385449241
104.0,1451.0228187004366,805.9707586048792
105.0,1448.269231399213,812.5338574722946
106.0,1442.1237763684485,820.9988453866385
107.0,1439.715626514727,826.8069028848447
108.0,1439.7262878895774,826.8199813364835
109.0,1435.5393447251258,833.6002594952917
110.0,1428.1901672336369,847.210551575517
111.0,1428.3406250877613,846.4170490452082
112.0,1426.1635082211794,852.5092862245657
113.0,1422.7515157045575,858.0567637898598
114.0,1422.7460014447845,858.0605154428222
115.0,1418.2166586887704,864.1866794872955
116.0,1411.6538624031557,873.4415501018881
117.0,1413.671414975976,873.501417905922
118.0,1411.7719690041536,878.4787695309351
119.0,1409.0314408883053,883.0188768627119
120.0,1409.022188856489,883.025241455104
121.0,1405.6044500325718,888.4637226377573
122.0,1403.8064080335585,891.5280069305862
123.0,1399.4797993403986,897.1424901733518
124.0,1387.6512786827925,908.235751174615
125.0,1397.6324343254992,906.5881643483189
126.0,1397.6152325494943,906.6028293416936
127.0,1396.193040136689,908.4015047539142
128.0,1394.770847723884,910.2001801661348
129.0,1393.416892785052,911.996922061876
130.0,1394.1716793964297,911.4598497342434
131.0,1396.3334006118994,914.948771516559
132.0,1396.3434642191123,914.9390940266668
133.0,1396.017872850986,914.9325816385872
134.0,1395.4939933820551,915.2611895444322
135.0,1394.9701139131244,915.5897974502772
136.0,1394.4462344441938,915.9184053561222
137.0,1393.922354975263,916.2470132619671
138.0,1393.3984755063323,916.5756211678122
139.0,1392.8745960374015,916.9042290736571
140.0,1392.3507165684707,917.2328369795022
141.0,1391.82683709954,917.5614448853471
142.0,1391.3029576306094,917.8900527911921
143.0,1390.7790781616786,918.2186606970371
144.0,1390.2551986927479,918.5472686028821
145.0,1389.731319223817,918.8758765087272
146.0,1389.2074397548863,919.2044844145721
147.0,1388.6835602859555,919.5330923204172
148.0,1388.159680817025,919.8617002262621
149.0,1387.6358013480942,920.1903081321071
150.0,1387.1119218791634,920.5189160379521
151.0,1386.5880424102327,920.8475239437971
152.0,1386.064162941302,921.176131849642
153.0,1385.5402834723711,921.5047397554871
154.0,1385.0164040034406,921.833347661332
155.0,1384.4925245345098,922.1619555671771
156.0,1383.968645065579,922.4905634730221
157.0,1383.4447655966483,922.819171378867
158.0,1382.9208861277175,923.1477792847121
159.0,1382.397006658787,923.476387190557
160.0,1381.8731271898562,923.8049950964021
161.0,1381.3492477209254,924.133603002247
162.0,1380.8253682519946,924.4622109080921
163.0,1380.3014887830639,924.790818813937
164.0,1379.777609314133,925.119426719782
165.0,1379.2537298452025,925.448034625627
166.0,1378.7298503762718,925.776642531472
167.0,1378.205970907341,926.105250437317
168.0,1377.6820914384102,926.433858343162
169.0,1377.1582119694795,926.762466249007
170.0,1376.6343325005487,927.091074154852
171.0,1376.1104530316181,927.419682060697
172.0,1375.5865735626874,927.748289966542
173.0,1375.0626940937566,928.076897872387
174.0,1374.5388146248258,928.4055057782319
175.0,1374.014935155895,928.734113684077
176.0,1373.4910556869643,929.0627215899219
177.0,1372.9671762180337,929.391329495767
178.0,1372.443296749103,929.7199374016119
179.0,1371.9194172801722,930.048545307457
180.0,1371.9608084730307,930.0254433882596
181.0,1365.384009323919,933.9133652917902
182.0,1358.8517755534776,938.06865574319
183.0,1353.05173714086,941.929869351699
184.0,1348.8921096839235,945.488374052782
185.0,1345.1467416255518,948.2807899182332
186.0,1345.1465628648746,948.2809418925548
187.0,1339.310318933669,952.4199821918156
188.0,1331.785734487221,957.0099139899552
189.0,1327.3784865735593,959.8062806036504
190.0,1321.910614786293,963.1137634361172
191.0,1317.2215298678316,966.2812119243672
192.0,1317.2209302926994,966.2813175716846
193.0,1325.9158626841447,997.3064134254448
194.0,1321.1908605510228,1000.3393724683128
195.0,1315.400416536456,1003.693951242388
196.0,1314.5128229029424,1010.248106304591
197.0,1310.5447130552743,1013.5283719633622
198.0,1310.5453062110064,1013.5282677693403
199.0,1307.3089174679403,1015.7071074086708
200.0,1301.896788664675,1018.9959154310612
201.0,1297.8422975290407,1021.3809375831275
202.0,1294.3784098064757,1023.2839696383608
203.0,1290.3382364365063,1025.390452932386
204.0,1290.3465181174008,1025.3843223922452
205.0,1286.3197389222737,1027.5126365690069
206.0,1286.4031309262364,1027.2352994822
207.0,1286.486522930199,1026.9579623953928
208.0,1286.569914934162,1026.6806253085858
209.0,1286.6533069381246,1026.403288221779
210.0,1286.6521986830323,1026.4024553517916
211.0,1290.677878462572,1023.763682541966
212.0,1292.3639865670984,1022.6794200128504
213.0,1293.364524889558,1021.7437406348672
214.0,1294.1453086951522,1021.5051938339244
215.0,1296.1358846368632,1020.2045631444752
216.0,1296.1100203857116,1020.2292340632672
217.0,1298.0625285076198,1019.0047580172557
218.0,1300.4480138269612,1017.9529394690431
219.0,1302.1681415270125,1017.2239538297554
220.0,1304.6473698149036,1015.995259119862
221.0,1304.7547779619342,1016.1694707115956
222.0,1304.7532290200656,1016.1728582733904
223.0,1306.9926367721328,1015.1992468949874
224.0,1307.741917218965,1015.1056266861308
225.0,1308.7649580197574,1015.1243642377556
226.0,1309.5086400538437,1015.3671424482844
227.0,1309.7621384192453,1015.5810410087646
228.0,1309.7586227270797,1015.5822438950375
229.0,1309.951923510851,1015.7204809721042
230.0,1310.915048570526,1015.5145502947596
231.0,1309.9641080607944,1014.2648607639662
232.0,1309.0131675510625,1013.0151712331729
233.0,1308.0622270413305,1011.7654817023794
234.0,1307.1112865315988,1010.515792171586
235.0,1305.4647094209574,1006.409741114956
236.0,1305.7056203859113,1002.1341335869135
237.0,1306.5418937398283,997.6168655412328
238.0,1308.3030643312168,992.6706110120024
239.0,1310.9254546870154,987.8931777387644
240.0,1313.5478450428143,983.1157444655264
241.0,1316.170235398613,978.3383111922885
242.0,1318.7926257544118,973.5608779190505
243.0,1321.4150161102104,968.7834446458126
244.0,1325.1126204869,963.26129111451
245.0,1325.5790571299715,959.7099152338992
246.0,1325.5792862825876,959.7095144351762
247.0,1324.358288366498,956.5217041313024
248.0,1326.3111478081626,952.5637250644552
249.0,1326.9248335430718,948.7933422555478
250.0,1328.7782239660364,944.7971699405016
251.0,1330.3427316875718,943.4059239179992
252.0,1331.9072394091074,942.0146778954968
253.0,1333.4717471306428,940.6234318729944
254.0,1333.0662140964605,941.7811607009172
255.0,1332.3258157988432,942.9176778382832
256.0,1332.514733193574,944.0269272891918
257.0,1332.703650588305,945.1361767401004
258.0,1332.6417728431834,945.1450054319624
259.0,1335.022845116596,945.2027989563628
260.0,1337.4039173900087,945.2605924807633
261.0,1339.7849896634216,945.3183860051638
262.0,1342.1660619368342,945.3761795295642
263.0,1341.41560417614,946.6169523910712
264.0,1341.473627524324,946.58736400442
265.0,1342.324337774909,945.970216042448
266.0,1344.8140332144114,942.5440899275776
267.0,1347.5810655225034,939.0601099557113
268.0,1348.3149976952775,936.5194205499322
269.0,1350.231365557233,934.5101232478723
270.0,1350.230219895617,934.5105437644124
271.0,1352.4693523586293,931.5946803471296
272.0,1354.8284970507402,928.9749805926224
273.0,1357.4901003342156,926.3882643386564
274.0,1357.1935719329863,925.4175025537694
275.0,1358.9837018791432,923.4700358510548
276.0,1358.9426268570226,923.485791791188
277.0,1360.8555828044252,922.0934978785814
278.0,1361.4026374630764,921.198040001709
279.0,1362.126440758059,920.408099851658
280.0,1363.4972709248837,919.182097738298
281.0,1363.6225419737748,919.0450001732456
282.0,1363.6209844244531,919.0449953616718
283.0,1363.2144290843344,919.0335310412372
284.0,1362.4435859084372,919.333211467477
285.0,1362.8346571960342,919.2260564561848
286.0,1362.5561128115585,919.5509484463598
287.0,1362.5235916408683,920.07181725558
288.0,1362.3184182140544,919.9388743830892
289.0,1361.891698139945,920.5086690515308
290.0,547.0198125148023,495.5275842426741
291.0,1361.7585923050055,917.9073955795004
292.0,1362.5926002424342,916.048771850979
293.0,1363.2386131632345,914.023695761152
294.0,1363.153744524817,914.0584569134028
295.0,1364.860247695016,911.7894116136268
296.0,1364.2375208891317,910.6413871826117
297.0,1406.4371071022993,879.6051271164686
298.0,1415.0085432057294,874.6384864511882
299.0,1167.4563434710262,750.3838799911337
300.0,919.9041437363228,626.1292735310791
301.0,672.3519440016196,501.8746670710246
302.0,1048.2079444675712,683.318313801088
303.0,1424.0639449335229,864.7619605311514
304.0,1417.7990433610917,861.9063625862157
305.0,1411.5341417886607,859.05076464128
306.0,1411.4830844400467,859.0561924988339
307.0,1416.5578759040063,847.2790231286607
308.0,1409.0002157310662,844.0721691251044
309.0,1403.85554815792,840.4489617129879
310.0,1405.5504456010058,831.3228320552328
311.0,1401.1031646913414,825.957431324693
312.0,1401.1090612691569,825.950978214782
313.0,1402.5070945457585,820.0303605289369
314.0,1396.9220728272971,815.2647316819911
315.0,1329.8968219074384,758.2686052967592
316.0,1566.0426902712345,550.8966094973729
317.0,1399.7954408469388,796.1047203277508
318.0,1399.8640274636882,796.0897571788636
319.0,1403.8369025040504,788.9963756142045
320.0,1408.4818149772052,780.3048450313994
321.0,1411.6875736533846,773.0046967989624
322.0,1416.0517210339272,767.2700858574207
323.0,1419.4168047795824,759.6935711824957
324.0,1419.4116189956978,759.6715807957712
325.0,1414.987410626578,756.2859058555593
326.0,1617.195916375715,655.3360189186049
327.0,1412.5996782447553,746.1911188449405
328.0,1413.1321975362096,741.2888312565373
329.0,1322.8889762208933,754.7095155348219
330.0,1322.9030484084856,754.7069823102147
331.0,1403.3140306279056,685.2345940025124
332.0,1483.7250128473254,615.7622056948101
333.0,1564.1359950667454,546.2898173871077
334.0,1423.2734297176144,712.8392546490553
335.0,1421.0701958129018,708.221045254263
336.0,1421.068239203036,708.2242851092902
337.0,1419.530840475889,704.6579274959738
338.0,1418.659685775848,699.6148788415363
339.0,1418.815699093986,695.3269989182049
340.0,1420.8996078200337,690.0587118690992
341.0,1420.175354553773,686.720623268458
342.0,1420.184919603612,686.7235612297101
343.0,1425.236297930952,681.3312533580386
344.0,1427.0269350159442,678.0115255248486
345.0,1425.833826626988,674.150897266709
346.0,1426.0665529505004,670.3520176983315
347.0,1425.9085834217408,666.2829154529755
348.0,1425.9391976002669,666.2853564825797
349.0,1426.3278788317534,662.0206961363607
350.0,1428.4639993981568,659.5283172760968
351.0,1429.7945036500296,656.3524354427462
352.0,1430.22767570909,653.1452070622632
353.0,1431.333803176701,649.6520672005558
354.0,1431.394917302684,649.6495112834945
355.0,1431.6265456581511,646.5540961590682
356.0,1434.0612998496554,643.5165001175094
357.0,1433.787804261832,640.3876162633295
358.0,1435.482331311366,637.1580649553546
359.0,1435.457468251345,634.164842134971
360.0,1435.4779176950751,634.157410582753
361.0,1436.1502405872018,630.8780926664326
362.0,1439.689674261252,628.86767773756
363.0,1443.2291079353022,626.8572628086874
364.0,1446.7685416093523,624.8468478798148
365.0,1450.3079752834026,622.8364329509423
366.0,1453.847408957453,620.8260180220697
367.0,1457.386842631503,618.8156030931971
368.0,1461.101938364524,616.6762783306001
369.0,1465.0167676189164,613.9718151775843
370.0,1466.9776767288236,611.7777933293139
371.0,1470.9031102291365,609.324816565473
372.0,1470.9111329143534,609.3266014132365
373.0,1478.420699948776,606.8253224889262
374.0,1479.2141897033198,604.7514939756486
375.0,1486.2610905590068,602.3969441759598
376.0,1488.633038174945,600.3252144182725
377.0,1492.2639386742026,597.9866709365875
378.0,1492.2643236116303,597.9864315421389
379.0,1495.3815579432974,596.2162517652188
380.0,1499.5869156727467,594.0386646146985
381.0,1502.496971942186,592.9678254357594
382.0,1504.268255546535,590.5749303675509
383.0,1509.1156307968206,589.1095115565806
384.0,1509.11524955736,589.1096075084032
385.0,1511.9798650063844,587.3762296794181
386.0,1513.7217361532928,585.9075136850718
387.0,1516.158626234844,583.2139484151734
388.0,1518.216350749591,583.8322976605974
389.0,1520.2740752643379,584.4506469060213
390.0,1522.3317997790848,585.0689961514454
391.0,1524.3895242938318,585.6873453968693
392.0,1526.4472488085787,586.3056946422934
393.0,1528.5049733233257,586.9240438877173
394.0,1530.5626978380726,587.5423931331413
395.0,1532.6204223528196,588.1607423785653
396.0,1534.6781468675665,588.7790916239893
397.0,1536.7358713823135,589.3974408694132
398.0,1538.7935958970604,590.0157901148373
399.0,1540.8513204118074,590.6341393602612
400.0,1542.9090449265543,591.2524886056852
401.0,1543.8730591146757,593.1985684809665
402.0,1543.8812555247366,593.1981675988762
403.0,1545.6102456045203,595.3767546891162
404.0,1547.564370168437,596.1732425384278
405.0,1550.906406879451,598.483738742953
406.0,1554.3084704716082,598.1851980414743
407.0,1559.4562468455122,600.1555569018776
408.0,1559.4584368268277,600.1555264717975
409.0,1564.5675366986563,600.8938431969796
410.0,1570.7701084597732,611.8986683445247
411.0,1576.9667963830047,603.143024727585
412.0,1762.7160130093052,641.7797861374187
413.0,1593.1915668862182,605.768291200099
414.0,1593.1916452574758,605.7717501743681
415.0,1593.536752150259,598.8250695387277
416.0,1769.4930858647724,678.2168486160297
417.0,1770.6019310047493,676.6249065825242
418.0,1769.8787330721032,677.7174412170284
419.0,1769.5942771717723,678.6043755978867
420.0,1769.5945249638544,678.6042789739968
421.0,1605.3745063193553,523.9379782657707
422.0,1768.621474044179,680.4330923238704
423.0,1768.4529173022586,681.3601520340078
424.0,1768.3938128028924,682.1496005727105
425.0,1768.156386952112,682.8814011297075
426.0,1768.1562845625083,682.8813432907153
427.0,1768.447275758543,683.4038299116862
428.0,1768.509725250136,684.0085955983077
429.0,1768.6365371160286,684.4190572289918
430.0,1768.8070151573995,685.3249639537935
431.0,1769.388577472604,685.3564710938555
432.0,1712.2764732105354,611.2949133036377
433.0,1769.6952484330577,685.5196236993495
434.0,1770.579453358493,666.4692022488169
435.0,1771.4636582839282,647.4187807982844
436.0,1771.5500368841003,647.6901572114341
437.0,1771.6364154842724,647.9615336245839
438.0,1771.636533798562,647.9614721977428
439.0,1771.8006527134346,648.2297516449613
440.0,1771.9647716283075,648.49803109218
441.0,1772.1288905431802,648.7663105393985
442.0,1772.1288905431802,648.7663105393985
443.0,1772.1288905431802,648.7663105393985
444.0,1772.1288905431802,648.7663105393985
445.0,1772.1288905431802,648.7663105393985
446.0,1772.1288905431802,648.7663105393985
447.0,1784.4967048622273,626.2236916394543
448.0,1784.4967048622273,626.2236916394543
449.0,1784.4967048622273,626.2236916394543
450.0,1784.4967048622273,626.2236916394543
451.0,1780.566772373124,620.7151062644268
452.0,1776.6368398840207,615.2065208893994
453.0,1772.7069073949172,609.697935514372
454.0,1768.7769749058139,604.1893501393446
455.0,1764.8470424167106,598.6807647643171
456.0,1760.9171099276073,593.1721793892897
457.0,1756.9871774385037,587.6635940142623
458.0,1753.0572449494005,582.1550086392349
459.0,1749.1273124602972,576.6464232642074
460.0,1745.1973799711939,571.13783788918
461.0,1741.2674474820903,565.6292525141525
462.0,1737.337514992987,560.1206671391252
463.0,1733.4075825038838,554.6120817640978
464.0,1729.4776500147805,549.1034963890703
465.0,1725.547717525677,543.5949110140429
466.0,1721.6177850365737,538.0863256390155
467.0,1717.6878525474704,532.5777402639881
468.0,1713.757920058367,527.0691548889606
469.0,1709.8279875692638,521.5605695139332
470.0,1705.8980550801602,516.0519841389057
471.0,1701.968122591057,510.5433987638784
472.0,1698.0381901019537,505.0348133888509
473.0,1694.1082576128501,499.52622801382347
474.0,1690.1783251237468,494.0176426387961
475.0,1686.2483926346436,488.5090572637687
476.0,1682.3184601455403,483.00047188874123
477.0,1678.388527656437,477.4918865137138
478.0,1674.4585951673334,471.98330113868633
479.0,1670.5286626782301,466.47471576365893
480.0,1666.5987301891269,460.96613038863154
481.0,1662.6687977000236,455.4575450136041
482.0,1658.73886521092,449.94895963857664
483.0,1654.8089327218167,444.44037426354924
484.0,1650.8790002327135,438.93178888852185
485.0,1646.9490677436102,433.4232035134944
486.0,1643.0191352545066,427.91461813846695
487.0,1639.0892027654033,422.40603276343955
488.0,1635.1592702763,416.8974473884121
489.0,1631.2293377871968,411.3888620133847
490.0,1627.2994052980935,405.88027663835726
491.0,1623.36947280899,400.3716912633298
492.0,1619.4395403198866,394.8631058883024
493.0,1615.5096078307834,389.354520513275
494.0,1611.5796753416798,383.84593513824757
495.0,1607.6497428525765,378.3373497632201
496.0,1603.7198103634732,372.8287643881927
497.0,1602.3362268051849,370.6586678325379
498.0,1602.3476036941784,370.65308242632767
499.0,1601.5074513403124,369.0393906589586
500.0,1601.9547554924957,368.1683586760935
501.0,1603.4734793300022,367.4467217220405
502.0,1606.9190152568988,367.0028094817324
503.0,1610.5618469137796,366.8579621763627
504.0,1610.5552681370002,366.8355408660282
505.0,1614.9573003753412,366.8370267871188
506.0,1615.6573452097264,365.9748945496397
507.0,1616.3573900441113,365.11276231216056
508.0,1617.0574348784965,364.25063007468145
509.0,1617.7574797128816,363.3884978372023
510.0,1618.4575245472668,362.5263655997232
511.0,1619.1575693816517,361.6642333622441
512.0,1619.8576142160368,360.80210112476493
513.0,1620.557659050422,359.93996888728583
514.0,1621.257703884807,359.0778366498067
515.0,1621.957748719192,358.21570441232757
516.0,1622.6577935535772,357.35357217484847
517.0,1623.3578383879624,356.4914399373693
518.0,1624.0578832223473,355.6293076998902
519.0,1624.7579280567325,354.7671754624111
520.0,1625.4579728911176,353.90504322493194
521.0,1626.1580177255025,353.04291098745284
522.0,1626.8580625598877,352.18077874997374
523.0,1627.5581073942728,351.3186465124946
524.0,1628.258152228658,350.4565142750155
525.0,1628.958197063043,349.5943820375363
526.0,1629.658241897428,348.7322498000572
527.0,1631.2410721111598,352.68985859600815
528.0,1632.8239023248916,356.6474673919591
529.0,1634.4067325386234,360.60507618791
530.0,1635.9895627523554,364.56268498386095
531.0,1637.5723929660871,368.5202937798119
532.0,1639.155223179819,372.4779025757628
533.0,1640.7380533935507,376.43551137171374
534.0,1642.3208836072824,380.39312016766473
535.0,1643.9037138210142,384.35072896361567
536.0,1645.4865440347462,388.3083377595666
537.0,1647.069374248478,392.26594655551753
538.0,1648.6522044622097,396.22355535146846
539.0,1650.2350346759415,400.1811641474194
540.0,1651.8178648896733,404.1387729433703
541.0,1653.400695103405,408.09638173932126
542.0,1654.9835253171368,412.0539905352722
543.0,1656.5663555308688,416.0115993312231
544.0,1658.1491857446006,419.96920812717406
545.0,1659.7320159583323,423.926816923125
546.0,1661.314846172064,427.8844257190759
547.0,1662.8976763857959,431.84203451502685
548.0,1664.4805065995276,435.7996433109778
549.0,1666.0633368132596,439.7572521069287
550.0,1667.6461670269914,443.71486090287965
551.0,1669.2289972407232,447.6724696988306
552.0,1670.811827454455,451.6300784947815
553.0,1672.3946576681867,455.5876872907325
554.0,1673.9774878819185,459.54529608668344
555.0,1675.5603180956505,463.50290488263437
556.0,1677.1431483093822,467.4605136785853
557.0,1678.725978523114,471.41812247453623
558.0,1680.3088087368458,475.37573127048717
559.0,1681.8916389505775,479.3333400664381
560.0,1683.4744691643093,483.29094886238903
561.0,1685.057299378041,487.24855765833996
562.0,1686.640129591773,491.2061664542909
563.0,1688.2229598055048,495.1637752502419
564.0,1689.8057900192366,499.1213840461928
565.0,1691.3886202329684,503.07899284214375
566.0,1692.9714504467001,507.0366016380947
567.0,1694.554280660432,510.9942104340456
568.0,1696.137110874164,514.9518192299965
569.0,1697.7199410878957,518.9094280259475
570.0,1699.3027713016274,522.8670368218984
571.0,1700.8856015153592,526.8246456178493
572.0,1702.468431729091,530.7822544138003
573.0,1704.0512619428227,534.7398632097512
574.0,1705.6340921565547,538.6974720057021
575.0,1707.2169223702865,542.6550808016531
576.0,1708.7997525840183,546.612689597604
577.0,1710.38258279775,550.5702983935549
578.0,1711.9654130114818,554.5279071895059
579.0,1713.5482432252136,558.4855159854568
580.0,1715.1310734389454,562.4431247814077
581.0,1716.7139036526773,566.4007335773587
582.0,1718.296733866409,570.3583423733096
583.0,1719.8795640801409,574.3159511692605
584.0,1721.4623942938726,578.2735599652115
585.0,1723.0452245076044,582.2311687611624
586.0,1724.6280547213362,586.1887775571133
587.0,1726.210884935068,590.1463863530644
588.0,1727.7937151488,594.1039951490152
589.0,1729.3765453625317,598.0616039449662
590.0,1730.9593755762635,602.019212740917
591.0,1732.5422057899953,605.9768215368681
592.0,1734.125036003727,609.9344303328189
593.0,1735.707866217459,613.89203912877
594.0,1737.2906964311908,617.8496479247208
595.0,1738.8735266449225,621.8072567206718
596.0,1740.4563568586543,625.7648655166226
597.0,1742.039187072386,629.7224743125737
598.0,1743.6220172861179,633.6800831085245
599.0,1745.2048474998496,637.6376919044756
600.0,1746.7876777135816,641.5953007004265
601.0,1748.3705079273134,645.5529094963774
602.0,1749.9533381410452,649.5105182923284
603.0,1751.536168354777,653.4681270882793
604.0,1753.1189985685087,657.4257358842302
605.0,1754.7018287822405,661.3833446801812
606.0,1756.2846589959722,665.3409534761321
607.0,1757.8674892097042,669.298562272083
608.0,1759.450319423436,673.256171068034
609.0,1761.0331496371678,677.2137798639849
610.0,1761.012284125042,677.322237091945
611.0,1761.625184068587,677.4104901286436
612.0,1761.6249675032054,677.4102395602786
613.0,1761.5410163585657,677.4603340419791
614.0,1761.4036818691316,677.3451978304657
615.0,1760.7197394858647,677.3957121928222
616.0,1761.2671672135034,677.4537771016887
617.0,1761.1143743484035,677.8918425240355
618.0,1761.1144011612423,677.8918424843613
619.0,1761.3398336873074,676.8332682588308
620.0,1761.0673180843405,676.365317620455
621.0,1760.9081021726354,675.9334527081309
622.0,1760.8162211372137,675.4488215846778
623.0,1760.3772359832387,675.2748912286622
624.0,1760.3767078469475,675.2743748955687
625.0,1759.8605890349031,674.9289963084368
626.0,1759.1683935708654,674.051759760107
627.0,1761.517692810201,677.2073985009649
628.0,1760.5800375643562,676.4873674462865
629.0,1759.7847000465497,675.8937867117203
630.0,1759.8170679101254,675.8854126845703
631.0,1759.5953024677412,675.4248397469361
632.0,1759.489631022834,675.0368650967973
633.0,1759.5804893161514,674.8867470671282
634.0,1759.5520217683188,674.8026841164336
635.0,1759.5522456168453,674.8019429233416
636.0,1759.552327657355,674.8019011070365
637.0,1759.4064174495977,674.7768302736365
638.0,1759.374483480516,674.7730394460314
639.0,1759.3799724497887,674.7722361430667
640.0,1759.3558796790105,674.7795729377065
641.0,1759.3507929749578,674.7753307307348
642.0,1759.3512376836493,674.7752965719617
643.0,1759.352250852551,674.7755673369547
644.0,1759.3539596747432,674.7773477105588
645.0,1759.3584852821448,674.7768676976
646.0,1759.340934471696,674.781720557379
647.0,1759.3288707303211,674.7849501311814
648.0,1759.3289538273837,674.7849356374488
649.0,1759.2787116888114,674.7923947605062
650.0,1759.280895997876,674.7918939497958
651.0,1759.2625995009437,674.8032467370413
652.0,1759.1895702785075,674.8117233210737
653.0,1759.188360875443,674.8145239004724
654.0,1759.188499332172,674.8144966922407
655.0,1759.1699890581124,674.823970702524
656.0,1759.1651886537272,674.824651539153
657.0,1759.155339775655,674.8214774130303
658.0,1759.1621199909098,674.8261744292998
659.0,1759.0863073198564,674.8163060006505
660.0,1759.0862516524498,674.8163095930281
661.0,1759.0865758250093,674.8160163696015
662.0,1759.087692325031,674.8152608202104
663.0,1759.1014020937937,674.8086524112927
664.0,1759.1344720901232,674.8036405913432
665.0,1759.1268596883951,674.7998610627805
666.0,1759.1268317928689,674.7998610348466
667.0,1759.091250613354,674.8002629731718
668.0,1759.1071555634664,674.7787748643867
669.0,1759.1037423037048,674.7800438787128
670.0,1759.1034620589771,674.7792377518069
671.0,1759.101977342132,674.77983785298
672.0,1759.102060574406,674.7798251772335
673.0,1759.1055450779152,674.7782116588403
674.0,1759.1141199580434,674.7785086387794
675.0,1759.109929016717,674.7790986208228
676.0,1759.1251589969802,674.7729068437882
677.0,1759.1203559505864,674.7889523896707
678.0,1759.1201079198397,674.7890359991277
679.0,1759.1216968773515,674.7890066290926
680.0,1759.1242408917926,674.7937857241652
681.0,1759.1373113782363,674.7942291971756
682.0,1759.1365934447676,674.7944308293255
683.0,1759.1341724562872,674.7930483263336
684.0,1759.134479298603,674.7930486374327
685.0,1759.144610562042,674.7924445506484
686.0,1759.1514242070132,674.7934340633763
687.0,1759.1484806607325,674.7937938599117
688.0,1759.1509513577466,674.7903873491781
689.0,1763.499006072978,642.6907568707239
690.0,1763.498980731703,642.6908131034698
691.0,1759.1476483067056,674.7916035792554
692.0,1759.1469507071029,674.7915955780552
693.0,1759.1467873706335,674.791706615938
694.0,1759.1380727222768,674.7913732568845
695.0,1759.1624763536674,674.7866948310326
696.0,1759.163173055863,674.7866791389105
697.0,1759.185311256074,674.7757189598046
698.0,1759.1930189195227,674.7744692472868
699.0,1759.1859178088991,674.7778377839293
700.0,1759.1727406473851,674.787483748014
701.0,1759.168250836191,674.7905799761097
702.0,1759.1682789253828,674.790585473547
703.0,1759.1688206540143,674.790141227571
704.0,1759.1706559274055,674.7899899716416
705.0,1759.1723432901867,674.7896052309179
706.0,1759.165486682286,674.7904969510175
707.0,1759.1647677017172,674.790667576425
708.0,1759.164684488568,674.7906802523762
709.0,1759.163856907609,674.7909328008412
710.0,1759.172500792277,674.7885626762451
711.0,1759.2330890118826,674.7651788928508
712.0,1759.2395688958268,674.760858700074
713.0,1759.347263568026,674.7363271058812
714.0,1759.347374400419,674.7363090064302
715.0,1759.408912086824,674.6863457568312
716.0,1759.5343642656403,674.6602558605376
717.0,1759.595128011965,674.6520645361056
718.0,1759.6558917582895,674.6438732116735
719.0,1759.7166555046142,674.6356818872415
720.0,1759.71720792518,674.6355642363918
721.0,1759.80707202044,674.6218179009973
722.0,1760.0121492881608,674.5598822233073
723.0,1760.2172265558816,674.4979465456173
724.0,1760.4223038236023,674.4360108679274
725.0,1760.6799924478507,674.3582560177668
726.0,1760.6795825729607,674.358426151169
727.0,1760.8538152337658,674.3362556479866
728.0,1760.9529607594272,674.2478263967563
729.0,1761.1776397286671,674.259752967451
730.0,1761.2898028930565,674.2501101044069
731.0,1761.426090827409,674.2217344218079
732.0,1761.5623787617617,674.193358739209
733.0,1761.6986666961145,674.16498305661
734.0,1761.834954630467,674.1366073740111
735.0,1761.9712425648197,674.1082316914121
736.0,1762.1075304991723,674.0798560088132
737.0,1762.243818433525,674.0514803262142
738.0,1762.3801063678777,674.0231046436153
739.0,1762.5163943022303,673.9947289610163
740.0,1762.652682236583,673.9663532784174
741.0,1762.8985368898386,673.9156147010609
742.0,1762.9524979126772,673.9620441995878
743.0,1763.1355767947089,673.9613211953811
744.0,1763.1342847968012,673.9613142726627
745.0,1763.2737769015814,673.9473534321908
746.0,1763.4161775125629,673.9352484544036
747.0,1763.5585781235443,673.9231434766164
748.0,1763.7162180583657,673.9120070679421
749.0,1763.7715688416938,673.8147537877974
750.0,1763.8269196250221,673.7175005076527
751.0,1763.8822704083502,673.620247227508
752.0,1763.9225022189305,673.6050510093345
753.0,1764.0356434994549,673.5690096098109
754.0,1764.0646583634611,673.5586004492018
755.0,1764.4054947613413,673.4410084796896
756.0,1764.405576313419,673.4409943248197
757.0,1764.3557795035729,673.4840922364307
758.0,1764.45757125944,673.4729190279236
759.0,1764.5327791744166,673.4572300702192
760.0,1764.557415279277,673.4474367677083
761.0,1721.1537415204152,640.1920692055693
762.0,1677.7500677615535,606.9367016434303
763.0,1634.3463940026918,573.6813340812913
764.0,1590.94272024383,540.4259665191523
765.0,1625.963208065452,566.9792137994968
766.0,1660.9836958870735,593.5324610798415
767.0,1696.0041837086953,620.085708360186
768.0,1731.024671530317,646.6389556405306
769.0,1766.0451593519388,673.1922029208752
770.0,1766.2999482515047,673.1309548946925
771.0,1766.5598834057791,673.0837911092517
772.0,1766.7245097764198,673.0575722575688
773.0,1766.8891361470608,673.031353405886
774.0,1767.0537625177017,673.0051345542031
775.0,1767.2183888883424,672.9789157025202
776.0,1767.383015258983,672.9526968508374
777.0,1767.547641629624,672.9264779991545
778.0,1767.9426338148976,672.8775354415966
779.0,1767.3990261618085,672.5112217715006
780.0,1766.8554185087191,672.1449081014044
781.0,1766.31181085563,671.7785944313084
782.0,1765.768203202541,671.4122807612123
783.0,1765.2245955494518,671.0459670911163
784.0,1764.6809878963625,670.6796534210201
785.0,1764.1373802432734,670.3133397509241
786.0,1763.5937725901842,669.9470260808281
787.0,1763.050164937095,669.580712410732
788.0,1762.5065572840058,669.2143987406359
789.0,1761.9629496309167,668.8480850705398
790.0,1761.4193419778273,668.4817714004438
791.0,1760.8757343247382,668.1154577303477
792.0,1760.3321266716491,667.7491440602516
793.0,1759.78851901856,667.3828303901556
794.0,1759.2449113654707,667.0165167200595
795.0,1758.7013037123816,666.6502030499635
796.0,1758.1576960592924,666.2838893798673
797.0,1757.614088406203,665.9175757097713
798.0,1757.070480753114,665.5512620396753
799.0,1756.5268731000249,665.1849483695792
800.0,1755.9832654469355,664.8186346994831
801.0,1755.4396577938464,664.452321029387
802.0,1754.8960501407573,664.086007359291
803.0,1754.3524424876682,663.7196936891949
804.0,1753.8088348345789,663.3533800190988
805.0,1753.2652271814898,662.9870663490028
806.0,1752.7216195284007,662.6207526789067
807.0,1752.1780118753113,662.2544390088107
808.0,1751.6344042222222,661.8881253387145
809.0,1751.090796569133,661.5218116686185
810.0,1750.547188916044,661.1554979985224
811.0,1750.0035812629546,660.7891843284264
812.0,1749.4599736098655,660.4228706583303
813.0,1748.9163659567764,660.0565569882342
814.0,1748.372758303687,659.6902433181382
815.0,1747.829150650598,659.323929648042
816.0,1747.2855429975089,658.957615977946
817.0,1746.7419353444195,658.5913023078499
818.0,1746.1983276913304,658.2249886377539
819.0,1745.6547200382413,657.8586749676579
820.0,1745.1111123851522,657.4923612975617
821.0,1744.5675047320628,657.1260476274657
822.0,1744.0238970789737,656.7597339573696
823.0,1743.4802894258846,656.3934202872736
824.0,1742.9366817727953,656.0271066171774
825.0,1742.3930741197062,655.6607929470814
826.0,1741.849466466617,655.2944792769854
827.0,1741.3058588135277,654.9281656068893
828.0,1740.7622511604386,654.5618519367932
829.0,1740.2186435073495,654.1955382666971
830.0,1739.6750358542604,653.8292245966011
831.0,1739.131428201171,653.4629109265051
832.0,1738.587820548082,653.0965972564089
833.0,1738.0442128949928,652.7302835863129
834.0,1737.5006052419035,652.3639699162168
835.0,1736.9569975888144,651.9976562461208
836.0,1736.4133899357253,651.6313425760246
837.0,1735.8697822826362,651.2650289059286
838.0,1735.3261746295468,650.8987152358326
839.0,1734.7825669764577,650.5324015657364
840.0,1734.2389593233686,650.1660878956404
841.0,1733.6953516702793,649.7997742255443
842.0,1733.1517440171901,649.4334605554483
843.0,1732.608136364101,649.0671468853521
844.0,1732.0645287110117,648.7008332152561
845.0,1731.5209210579226,648.3345195451601
846.0,1730.9773134048335,647.968205875064
847.0,1730.4337057517444,647.601892204968
848.0,1729.890098098655,647.2355785348718
849.0,1729.346490445566,646.8692648647758
850.0,1728.8028827924768,646.5029511946798
851.0,1728.2592751393875,646.1366375245836
852.0,1727.7156674862983,645.7703238544876
853.0,1727.1720598332092,645.4040101843915
854.0,1726.62845218012,645.0376965142955
855.0,1726.0848445270308,644.6713828441993
856.0,1725.5412368739417,644.3050691741033
857.0,1724.9976292208526,643.9387555040073
858.0,1724.4540215677632,643.5724418339112
859.0,1723.910413914674,643.2061281638152
860.0,1723.366806261585,642.839814493719
861.0,1722.8231986084957,642.473500823623
862.0,1722.2795909554065,642.1071871535269
863.0,1721.7359833023174,641.7408734834308
864.0,1721.1923756492283,641.3745598133348
865.0,1720.648767996139,641.0082461432387
866.0,1720.1051603430499,640.6419324731427
867.0,1719.5615526899608,640.2756188030465
868.0,1719.0179450368714,639.9093051329505
869.0,1718.4743373837823,639.5429914628544
870.0,1717.9307297306932,639.1766777927584
871.0,1717.3871220776039,638.8103641226623
872.0,1716.8435144245148,638.4440504525662
873.0,1716.2999067714256,638.0777367824702
874.0,1715.7562991183365,637.7114231123741
875.0,1715.2126914652472,637.345109442278
876.0,1714.669083812158,636.9787957721819
877.0,1714.125476159069,636.6124821020859
878.0,1713.5818685059796,636.2461684319899
879.0,1713.0382608528905,635.8798547618937
880.0,1712.4946531998014,635.5135410917977
881.0,1711.951045546712,635.1472274217016
882.0,1711.407437893623,634.7809137516056
883.0,1710.8638302405338,634.4146000815094
884.0,1710.3202225874447,634.0482864114134
885.0,1709.7766149343554,633.6819727413174
886.0,1709.2330072812663,633.3156590712213
887.0,1708.6893996281772,632.9493454011252
888.0,1708.1457919750878,632.5830317310291
889.0,1707.6021843219987,632.2167180609331
890.0,1707.0585766689096,631.850404390837
891.0,1706.5149690158205,631.4840907207409
892.0,1705.9713613627312,631.1177770506449
893.0,1705.427753709642,630.7514633805488
894.0,1704.884146056553,630.3851497104528
895.0,1704.3405384034636,630.0188360403566
896.0,1703.7969307503745,629.6525223702606
897.0,1703.2533230972854,629.2862087001646
898.0,1702.709715444196,628.9198950300685
899.0,1702.166107791107,628.5535813599724
900.0,1701.6225001380178,628.1872676898763
901.0,1701.0788924849287,627.8209540197803
902.0,1700.5352848318394,627.4546403496842
903.0,1699.9916771787503,627.0883266795881
904.0,1699.4480695256611,626.7220130094921
905.0,1698.9044618725718,626.355699339396
906.0,1698.3608542194827,625.9893856693
907.0,1697.8172465663936,625.6230719992038
908.0,1697.2736389133042,625.2567583291078
909.0,1696.7300312602151,624.8904446590118
910.0,1696.186423607126,624.5241309889157
911.0,1695.642815954037,624.1578173188196
912.0,1695.0992083009476,623.7915036487235
913.0,1694.5556006478585,623.4251899786275
914.0,1694.0119929947693,623.0588763085314
915.0,1693.46838534168,622.6925626384353
916.0,1692.924777688591,622.3262489683393
917.0,1692.3811700355018,621.9599352982432
918.0,1691.8375623824127,621.5936216281472
919.0,1691.2939547293233,621.227307958051
920.0,1690.7503470762342,620.860994287955
921.0,1690.206739423145,620.4946806178589
922.0,1689.6631317700558,620.1283669477629
923.0,1689.1195241169667,619.7620532776668
924.0,1688.5759164638775,619.3957396075707
925.0,1688.0323088107882,619.0294259374747
926.0,1687.488701157699,618.6631122673786
927.0,1686.94509350461,618.2967985972825
928.0,1686.4014858515209,617.9304849271864
929.0,1685.8578781984315,617.5641712570904
930.0,1685.3142705453424,617.1978575869944
931.0,1684.7706628922533,616.8315439168982
932.0,1684.227055239164,616.4652302468022
933.0,1683.6834475860749,616.0989165767061
934.0,1683.1398399329858,615.73260290661
935.0,1682.5962322798964,615.3662892365139
936.0,1682.0526246268073,614.9999755664179
937.0,1681.5090169737182,614.6336618963219
938.0,1680.965409320629,614.2673482262257
939.0,1680.4218016675397,613.9010345561297
940.0,1679.8781940144506,613.5347208860336
941.0,1679.3345863613615,613.1684072159376
942.0,1678.7909787082722,612.8020935458414
943.0,1678.247371055183,612.4357798757454
944.0,1677.703763402094,612.0694662056494
945.0,1677.1601557490048,611.7031525355533
946.0,1676.6165480959155,611.3368388654573
947.0,1676.0729404428264,610.9705251953611
948.0,1675.5293327897373,610.6042115252651
949.0,1674.985725136648,610.237897855169
950.0,1674.4421174835588,609.871584185073
951.0,1673.8985098304697,609.5052705149769
952.0,1673.3549021773804,609.1389568448808
953.0,1672.8112945242913,608.7726431747848
954.0,1672.2676868712022,608.4063295046886
955.0,1671.724079218113,608.0400158345926
956.0,1671.1804715650237,607.6737021644965
957.0,1670.6368639119346,607.3073884944005
958.0,1670.0932562588455,606.9410748243045
959.0,1669.5496486057561,606.5747611542083
960.0,1669.006040952667,606.2084474841123
961.0,1668.462433299578,605.8421338140163
962.0,1667.9188256464886,605.4758201439201
963.0,1667.3752179933995,605.1095064738241
964.0,1666.8316103403104,604.743192803728
965.0,1666.2880026872213,604.376879133632
966.0,1665.744395034132,604.0105654635358
967.0,1665.2007873810428,603.6442517934398
968.0,1664.6571797279537,603.2779381233438
969.0,1664.1135720748644,602.9116244532477
970.0,1663.5699644217752,602.5453107831516
971.0,1663.0263567686861,602.1789971130555
972.0,1662.482749115597,601.8126834429595
973.0,1661.9391414625077,601.4463697728634
974.0,1661.3955338094186,601.0800561027673
975.0,1660.8519261563295,600.7137424326713
976.0,1660.3083185032401,600.3474287625752
977.0,1659.764710850151,599.9811150924792
978.0,1659.221103197062,599.614801422383
979.0,1658.6774955439726,599.248487752287
980.0,1658.1338878908834,598.8821740821909
981.0,1657.5902802377943,598.5158604120949
982.0,1657.0466725847052,598.1495467419988
983.0,1656.5030649316159,597.7832330719027
984.0,1655.9594572785268,597.4169194018067
985.0,1655.4158496254377,597.0506057317106
986.0,1654.8722419723483,596.6842920616145
987.0,1654.3286343192592,596.3179783915184
988.0,1653.78502666617,595.9516647214224
989.0,1653.2414190130808,595.5853510513264
990.0,1652.6978113599916,595.2190373812302
991.0,1652.1542037069025,594.8527237111342
992.0,1651.6105960538134,594.4864100410381
993.0,1651.066988400724,594.1200963709421
994.0,1650.523380747635,593.7537827008459
995.0,1649.9797730945459,593.3874690307499
996.0,1649.4361654414565,593.0211553606539
997.0,1648.8925577883674,592.6548416905578
998.0,1648.3489501352783,592.2885280204617
999.0,1647.8053424821892,591.9222143503656
1000.0,1647.2617348290999,591.5559006802696
1001.0,1646.7181271760107,591.1895870101735
1002.0,1646.1745195229216,590.8232733400774
1003.0,1645.6309118698323,590.4569596699814
1004.0,1645.0873042167432,590.0906459998853
1005.0,1644.543696563654,589.7243323297893
1006.0,1644.0000889105647,589.3580186596931
1007.0,1643.4564812574756,588.9917049895971
1008.0,1642.9128736043865,588.625391319501
1009.0,1642.3692659512974,588.259077649405
1010.0,1641.825658298208,587.8927639793089
1011.0,1641.282050645119,587.5264503092128
1012.0,1640.7384429920298,587.1601366391168
1013.0,1640.1948353389405,586.7938229690207
1014.0,1639.6512276858514,586.4275092989246
1015.0,1639.1076200327623,586.0611956288285
1016.0,1638.564012379673,585.6948819587325
1017.0,1638.0204047265838,585.3285682886365
1018.0,1637.4767970734947,584.9622546185403
1019.0,1636.9331894204056,584.5959409484443
1020.0,1636.3895817673163,584.2296272783482
1021.0,1635.8459741142271,583.8633136082522
1022.0,1635.302366461138,583.4969999381561
1023.0,1634.7587588080487,583.13068626806
1024.0,1634.2151511549596,582.764372597964
1025.0,1633.6715435018705,582.3980589278679
1026.0,1633.1279358487814,582.0317452577718
1027.0,1632.584328195692,581.6654315876758
1028.0,1632.040720542603,581.2991179175797
1029.0,1631.4971128895138,580.9328042474837
1030.0,1630.9535052364245,580.5664905773875
1031.0,1630.4098975833354,580.2001769072915
1032.0,1629.8662899302462,579.8338632371954
1033.0,1629.322682277157,579.4675495670994
1034.0,1628.7790746240678,579.1012358970033
1035.0,1628.2354669709787,578.7349222269072
1036.0,1627.6918593178893,578.3686085568112
1037.0,1627.1482516648002,578.002294886715
1038.0,1626.6046440117111,577.635981216619
1039.0,1626.061036358622,577.2696675465229
1040.0,1625.5174287055327,576.9033538764269
1041.0,1624.9738210524436,576.5370402063309
1042.0,1624.4302133993544,576.1707265362347
1043.0,1623.886605746265,575.8044128661387
1044.0,1623.342998093176,575.4380991960426
1045.0,1622.7993904400869,575.0717855259466
1046.0,1622.2557827869978,574.7054718558504
1047.0,1621.7121751339084,574.3391581857544
1048.0,1621.1685674808193,573.9728445156584
1049.0,1620.6249598277302,573.6065308455622
1050.0,1620.0813521746409,573.2402171754662
1051.0,1619.5377445215518,572.8739035053701
1052.0,1618.9941368684626,572.5075898352741
1053.0,1618.4505292153735,572.1412761651779
1054.0,1617.9069215622842,571.7749624950819
1055.0,1617.363313909195,571.4086488249859
1056.0,1616.819706256106,571.0423351548898
1057.0,1616.2760986030166,570.6760214847938
1058.0,1615.7324909499275,570.3097078146976
1059.0,1615.1888832968384,569.9433941446016
1060.0,1614.645275643749,569.5770804745055
1061.0,1614.10166799066,569.2107668044094
1062.0,1613.5580603375709,568.8444531343134
1063.0,1613.0144526844815,568.4781394642173
1064.0,1612.4708450313924,568.1118257941213
1065.0,1611.9272373783033,567.7455121240251
1066.0,1611.3836297252142,567.3791984539291
1067.0,1610.8400220721248,567.012884783833
1068.0,1610.2964144190357,566.646571113737
1069.0,1609.7528067659466,566.280257443641
1070.0,1609.2091991128573,565.9139437735448
1071.0,1608.6655914597682,565.5476301034488
1072.0,1608.121983806679,565.1813164333527
1073.0,1607.57837615359,564.8150027632566
1074.0,1607.0347685005006,564.4486890931605
1075.0,1606.4911608474115,564.0823754230645
1076.0,1605.9475531943224,563.7160617529685
1077.0,1605.403945541233,563.3497480828723
1078.0,1604.860337888144,562.9834344127763
1079.0,1604.3167302350548,562.6171207426802
1080.0,1603.7731225819657,562.2508070725842
1081.0,1603.2295149288764,561.8844934024881
1082.0,1602.6859072757873,561.518179732392
1083.0,1602.1422996226981,561.151866062296
1084.0,1601.5986919696088,560.7855523921999
1085.0,1601.0550843165197,560.4192387221038
1086.0,1600.5114766634306,560.0529250520078
1087.0,1599.9678690103412,559.6866113819117
1088.0,1599.4242613572521,559.3202977118157
1089.0,1598.880653704163,558.9539840417195
1090.0,1598.3370460510737,558.5876703716235
1091.0,1597.7934383979846,558.2213567015274
1092.0,1597.2498307448955,557.8550430314314
1093.0,1596.7062230918064,557.4887293613353
1094.0,1596.162615438717,557.1224156912392
1095.0,1595.619007785628,556.7561020211432
1096.0,1595.0754001325388,556.3897883510471
1097.0,1594.5317924794495,556.023474680951
1098.0,1593.9881848263603,555.6571610108549
1099.0,1593.4445771732712,555.2908473407589
1100.0,1592.9009695201821,554.9245336706629
1101.0,1592.3573618670928,554.5582200005667
1102.0,1591.8137542140037,554.1919063304707
1103.0,1591.2701465609146,553.8255926603746
1104.0,1590.7265389078252,553.4592789902786
1105.0,1590.182931254736,553.0929653201824
1106.0,1589.639323601647,552.7266516500864
1107.0,1589.0957159485579,552.3603379799904
1108.0,1588.5521082954685,551.9940243098943
1109.0,1588.0085006423794,551.6277106397982
1110.0,1587.4648929892903,551.2613969697021
1111.0,1586.921285336201,550.8950832996061
1112.0,1586.3776776831119,550.52876962951
1113.0,1585.8340700300228,550.1624559594139
1114.0,1585.2904623769334,549.7961422893179
1115.0,1584.7468547238443,549.4298286192218
1116.0,1584.2032470707552,549.0635149491258
1117.0,1583.6596394176659,548.6972012790296
1118.0,1583.1160317645767,548.3308876089336
1119.0,1582.5724241114876,547.9645739388375
1120.0,1582.0288164583985,547.5982602687415
1121.0,1581.4852088053092,547.2319465986454
1122.0,1580.94160115222,546.8656329285493
1123.0,1580.397993499131,546.4993192584533
1124.0,1579.8543858460416,546.1330055883572
1125.0,1579.3107781929525,545.7666919182611
1126.0,1578.7671705398634,545.400378248165
1127.0,1578.2235628867743,545.034064578069
1128.0,1577.679955233685,544.667750907973
1129.0,1577.1363475805958,544.3014372378768
1130.0,1576.5927399275067,543.9351235677808
1131.0,1576.0491322744174,543.5688098976848
1132.0,1575.5055246213283,543.2024962275887
1133.0,1574.9619169682392,542.8361825574925
1134.0,1574.41830931515,542.4698688873965
1135.0,1573.8747016620607,542.1035552173005
1136.0,1573.3310940089716,541.7372415472043
1137.0,1572.7874863558825,541.3709278771083
1138.0,1572.2438787027932,541.0046142070123
1139.0,1571.700271049704,540.6383005369162
1140.0,1571.156663396615,540.27198686682
1141.0,1570.6130557435256,539.905673196724
1142.0,1570.0694480904365,539.539359526628
1143.0,1569.5258404373474,539.1730458565319
1144.0,1568.982232784258,538.8067321864359
1145.0,1568.438625131169,538.4404185163398
1146.0,1567.8950174780798,538.0741048462437
1147.0,1567.3514098249907,537.7077911761476
1148.0,1566.8078021719014,537.3414775060515
1149.0,1566.2641945188122,536.9751638359555
1150.0,1565.7205868657231,536.6088501658594
1151.0,1565.1769792126338,536.2425364957634
1152.0,1564.6333715595447,535.8762228256674
1153.0,1564.0897639064556,535.5099091555712
1154.0,1563.5461562533665,535.1435954854752
1155.0,1563.0025486002771,534.7772818153791
1156.0,1562.458940947188,534.410968145283
1157.0,1561.915333294099,534.0446544751869
1158.0,1561.3717256410096,533.6783408050909
1159.0,1560.8281179879205,533.3120271349949
1160.0,1560.2845103348313,532.9457134648987
1161.0,1559.7409026817422,532.5793997948027
1162.0,1559.197295028653,532.2130861247066
1163.0,1558.6536873755638,531.8467724546106
1164.0,1558.1100797224747,531.4804587845144
1165.0,1557.5664720693853,531.1141451144184
1166.0,1557.0228644162962,530.7478314443224
1167.0,1556.479256763207,530.3815177742263
1168.0,1555.9356491101178,530.0152041041302
1169.0,1555.3920414570287,529.6488904340341
1170.0,1554.8484338039395,529.2825767639381
1171.0,1554.3048261508502,528.916263093842
1172.0,1553.761218497761,528.5499494237459
1173.0,1553.217610844672,528.1836357536499
1174.0,1552.6740031915829,527.8173220835538
1175.0,1552.1303955384935,527.4510084134578
1176.0,1551.5867878854044,527.0846947433616
1177.0,1551.0431802323153,526.7183810732656
1178.0,1550.499572579226,526.3520674031695
1179.0,1549.9559649261369,525.9857537330735
1180.0,1549.4123572730477,525.6194400629774
1181.0,1548.8687496199586,525.2531263928813
1182.0,1548.3251419668693,524.8868127227853
1183.0,1547.7815343137802,524.5204990526892
1184.0,1547.237926660691,524.1541853825931
1185.0,1546.6943190076017,523.787871712497
1186.0,1546.1507113545126,523.421558042401
1187.0,1546.1503327892392,523.4216108852025
1188.0,1546.1501447892715,523.4215414972296
1189.0,1546.1483191927696,523.4203118819519
1190.0,1546.0950048531552,523.4073674660654
1191.0,1546.0416905135407,523.3944230501788
1192.0,1545.9883761739263,523.3814786342923
1193.0,1545.992666378521,523.4155498996236
1194.0,1545.99259583635,523.4155260540427
1195.0,1545.977659785964,523.4160891075865
1196.0,1545.8986539165815,523.4240145650946
1197.0,1545.8196480471986,523.4319400226028
1198.0,1545.740642177816,523.4398654801109
1199.0,1545.7083559237722,523.4317893063861
1200.0,1545.7083792889714,523.4318088727329
1201.0,1545.6511530445293,523.4041267212406
1202.0,1545.5939268000873,523.3764445697482
1203.0,1545.5693387672145,523.3562247153193
1204.0,1549.0605842977225,523.7379263686001
1205.0,1552.5518298282307,524.1196280218811
1206.0,1556.0430753587386,524.501329675162
1207.0,1559.5343208892468,524.8830313284428
1208.0,1563.0255664197548,525.2647329817237
1209.0,1566.5168119502628,525.6464346350047
1210.0,1570.008057480771,526.0281362882855
1211.0,1573.499303011279,526.4098379415664
1212.0,1576.990548541787,526.7915395948473
1213.0,1580.481794072295,527.1732412481282
1214.0,1583.973039602803,527.554942901409
1215.0,1587.4642851333113,527.9366445546899
1216.0,1590.9555306638192,528.3183462079709
1217.0,1594.4467761943272,528.7000478612517
1218.0,1597.9380217248354,529.0817495145326
1219.0,1601.4292672553433,529.4634511678136
1220.0,1604.9205127858513,529.8451528210944
1221.0,1608.4117583163595,530.2268544743753
1222.0,1611.9030038468675,530.6085561276561
1223.0,1615.3942493773757,530.9902577809371
1224.0,1618.8854949078836,531.371959434218
1225.0,1622.3767404383916,531.7536610874988
1226.0,1625.8679859688998,532.1353627407798
1227.0,1629.3592314994078,532.5170643940606
1228.0,1632.850477029916,532.8987660473415
1229.0,1636.341722560424,533.2804677006224
1230.0,1639.832968090932,533.6621693539033
1231.0,1643.32421362144,534.0438710071842
1232.0,1646.815459151948,534.425572660465
1233.0,1650.306704682456,534.807274313746
1234.0,1653.7979502129642,535.1889759670269
1235.0,1657.2891957434722,535.5706776203077
1236.0,1660.7804412739804,535.9523792735886
1237.0,1664.2716868044884,536.3340809268695
1238.0,1667.7629323349963,536.7157825801504
1239.0,1671.2541778655045,537.0974842334313
1240.0,1674.7454233960125,537.4791858867122
1241.0,1678.2366689265205,537.8608875399931
1242.0,1681.7279144570286,538.242589193274
1243.0,1685.2191599875366,538.6242908465548
1244.0,1688.7104055180448,539.0059924998358
1245.0,1692.2016510485528,539.3876941531166
1246.0,1692.1453105334576,539.2900071502182
1247.0,1692.2286981413308,539.2621679146699
1248.0,1692.312085749204,539.2343286791216
1249.0,1692.3954733570772,539.2064894435733
1250.0,1692.4788609649502,539.1786502080251
1251.0,1692.5622485728234,539.1508109724768
1252.0,1692.6456361806966,539.1229717369285
1253.0,1692.7290237885697,539.0951325013802
1254.0,1692.812411396443,539.067293265832
1255.0,1692.8957990043161,539.0394540302837
1256.0,1692.9791866121893,539.0116147947354
1257.0,1693.0625742200625,538.983775559187
1258.0,1693.1459618279355,538.9559363236389
1259.0,1693.2293494358087,538.9280970880906
1260.0,1693.3127370436819,538.9002578525423
1261.0,1693.396124651555,538.872418616994
1262.0,1693.4430058846033,538.8712851443255
1263.0,1693.4898871176515,538.870151671657
1264.0,1693.4728665608347,538.9077377105306
1265.0,1693.461973772624,538.9311892111853
1266.0,1693.4617349013436,538.9309930667877
1267.0,1693.392610393494,538.9072729933084
1268.0,1693.338392384844,538.907752712485
1269.0,1693.316322989018,538.9130916220429
1270.0,1689.7479593329917,542.3047434511234
1271.0,1686.1795956769652,545.6963952802038
1272.0,1682.6112320209388,549.0880471092843
1273.0,1679.0428683649125,552.4796989383647
1274.0,1675.474504708886,555.8713507674452
1275.0,1671.9061410528595,559.2630025965256
1276.0,1668.3377773968332,562.654654425606
1277.0,1664.7694137408068,566.0463062546864
1278.0,1661.2010500847803,569.437958083767
1279.0,1657.632686428754,572.8296099128474
1280.0,1654.0643227727276,576.2212617419278
1281.0,1650.495959116701,579.6129135710083
1282.0,1646.9275954606746,583.0045654000887
1283.0,1643.3592318046483,586.3962172291692
1284.0,1639.7908681486217,589.7878690582496
1285.0,1636.2225044925954,593.1795208873301
1286.0,1632.654140836569,596.5711727164105
1287.0,1629.0857771805424,599.962824545491
1288.0,1625.517413524516,603.3544763745714
1289.0,1621.9490498684897,606.7461282036519
1290.0,1618.3806862124634,610.1377800327323
1291.0,1614.8123225564368,613.5294318618128
1292.0,1611.2439589004105,616.9210836908933
1293.0,1607.675595244384,620.3127355199737
1294.0,1604.1072315883575,623.7043873490542
1295.0,1600.5388679323312,627.0960391781346
1296.0,1596.9705042763048,630.4876910072151
1297.0,1593.4021406202783,633.8793428362955
1298.0,1589.833776964252,637.270994665376
1299.0,1586.2654133082256,640.6626464944563
1300.0,1582.697049652199,644.0542983235368
1301.0,1579.1286859961726,647.4459501526173
1302.0,1575.5603223401463,650.8376019816977
1303.0,1571.9919586841197,654.2292538107782
1304.0,1568.4235950280934,657.6209056398586
1305.0,1564.855231372067,661.0125574689391
1306.0,1561.2868677160407,664.4042092980195
1307.0,1557.718504060014,667.7958611271
1308.0,1554.1501404039877,671.1875129561804
1309.0,1550.5817767479614,674.5791647852609
1310.0,1547.0134130919348,677.9708166143414
1311.0,1543.4450494359085,681.3624684434218
1312.0,1544.0756039541136,653.5113753744017
1313.0,1544.706158472319,625.6602823053815
1314.0,1545.3367129905241,597.8091892363615
1315.0,1545.9672675087293,569.9580961673414
1316.0,1546.5978220269346,542.1070030983212
1317.0,1547.2283765451398,514.2559100293012
1318.0,1566.9745430178593,529.0469063150787
1319.0,1586.7207094905789,543.8379026008562
1320.0,1606.4668759632987,558.6288988866337
1321.0,1626.2130424360182,573.4198951724112
1322.0,1645.9592089087378,588.2108914581887
1323.0,1665.7053753814573,603.0018877439662
1324.0,1685.4515418541769,617.7928840297437
1325.0,1705.1977083268966,632.5838803155212
1326.0,1724.9438747996162,647.3748766012988
1327.0,1744.6900412723357,662.1658728870763
1328.0,1764.4362077450553,676.9568691728538
1329.0,1764.2819956155336,676.9040034998776
1330.0,1764.4775976631138,677.0523814716327
1331.0,1764.833288599241,676.8225942830859
1332.0,1764.8399602420511,676.8261749105618
1333.0,1764.7321456271306,676.7341685044106
1334.0,1564.7603641859969,538.4696874133917
1335.0,1764.7942624834616,676.7884628962425
1336.0,1764.9203475958386,677.1401743898322
1337.0,1764.8578762168927,677.063064537141
1338.0,1764.795404837947,676.9859546844498
1339.0,1764.732933459001,676.9088448317586
1340.0,1764.6704620800551,676.8317349790674
1341.0,1764.6079907011092,676.7546251263763
1342.0,1764.5455193221633,676.677515273685
1343.0,1764.4830479432176,676.6004054209939
1344.0,1764.4205765642716,676.5232955683026
1345.0,1764.3581051853257,676.4461857156115
1346.0,1764.29563380638,676.3690758629202
1347.0,1764.233162427434,676.2919660102291
1348.0,1764.1706910484882,676.214856157538
1349.0,1764.1082196695422,676.1377463048467
1350.0,1764.0457482905963,676.0606364521556
1351.0,1763.9832769116506,675.9835265994643
1352.0,1763.9208055327047,675.9064167467732
1353.0,1763.8583341537587,675.8293068940819
1354.0,1763.795862774813,675.7521970413908
1355.0,1763.733391395867,675.6750871886995
1356.0,1763.6709200169212,675.5979773360084
1357.0,1763.6084486379752,675.5208674833171
1358.0,1763.5459772590293,675.443757630626
1359.0,1763.4835058800836,675.3666477779348
1360.0,1763.4210345011377,675.2895379252436
1361.0,1760.7877806366237,676.6076672832078
1362.0,1760.7878244955964,676.6076734225525
1363.0,1758.6469500195951,677.7698378721592
1364.0,1761.9378169834754,676.8748874609736
1365.0,1778.5193939913797,708.5321119826967
1366.0,1795.1009709992838,740.1893365044198
1367.0,1444.1329025977575,1062.1672072307176
1368.0,1760.7033286022618,677.6441292852603
1369.0,1431.4846076858323,1071.4026823703048
1370.0,1419.3907267434647,1085.8826722660976
1371.0,1579.159341578061,987.5489798287011
1372.0,1738.9279564126573,889.2152873913046
1373.0,1739.325971825392,888.9779560926906
1374.0,1739.7239872381265,888.7406247940767
1375.0,1740.1220026508608,888.5032934954627
1376.0,1740.5200180635954,888.2659621968487
1377.0,1740.91803347633,888.0286308982348
1378.0,1741.3160488890646,887.7912995996209
1379.0,1741.714064301799,887.5539683010069
1380.0,1742.1120797145336,887.3166370023929
1381.0,1742.5100951272682,887.0793057037789
1382.0,1741.522128005338,888.7673249046903
1383.0,1742.6604482870796,887.9378031195646
1384.0,1739.330418947631,888.737159578099
1385.0,1593.7545843332657,596.0630995073071
1386.0,1593.8065367644056,596.0603909144675
1387.0,1593.8065367644056,596.0603909144675
1388.0,1593.8065367644056,596.0603909144675
1389.0,1593.8065367644056,596.0603909144675
1390.0,1593.8065367644056,596.0603909144675
1391.0,1593.8065367644056,596.0603909144675
1392.0,1593.8065367644056,596.0603909144675
1393.0,1593.8065367644056,596.0603909144675
1394.0,1593.8065367644056,596.0603909144675
1395.0,1593.8065367644056,596.0603909144675
1396.0,1593.8065367644056,596.0603909144675
1397.0,1593.8065367644056,596.0603909144675
1398.0,1593.8065367644056,596.0603909144675
1399.0,1593.8065367644056,596.0603909144675
